rfm_segment,segment_description,recommended_action,priority
Champions,"Elite repeat customers — recent (R≥4), multiple orders (F≥2), and high spenders (M≥4). Rare in single-purchase datasets.",Reward with VIP programs and exclusive early access. Maintain relationship with personalized outreach.,1
Potential Loyalists,"Recent repeat buyers (R≥4, F≥2) building loyalty. Key segment for revenue growth.",Targeted campaigns to increase purchase frequency. Offer loyalty incentives and cross-sell opportunities.,2
High-Value New,"First-time buyers with massive spend (R≥4, 1 order, M≥4). High-potential whales to nurture.",Premium onboarding experience. Personalized follow-up to secure repeat purchase. VIP treatment from day one.,3
New Customers,"Recent first-time buyers with average spend (R≥4, 1 order). Unproven but winnable.",Welcome series and onboarding campaigns. Focus on driving the critical second purchase.,4
Slipping Whales,"High spenders starting to drift (R=3, M≥4). Previously valuable, now cooling off.",Urgent win-back campaigns with personalized offers. Understand why engagement dropped.,5
Need Attention,"Average single-purchasers drifting away (R=3). Could go either way.",Monitor behavior and test re-engagement strategies. Segment further based on response.,6
High-Value Dormant,"Former big spenders gone cold (R≤2, M≥4). High recovery potential if reactivated.",Aggressive win-back with significant incentives. Worth the investment given historical value.,7
One-and-Done Lost,"Low-value single order from long ago. Likely churned permanently.",Sunset from active campaigns to protect sender reputation. Low ROI for reactivation efforts.,8
Dormant,"Reappeared after falling off the 12-month rolling window. Previously inactive, now back.",Welcome-back campaign. Treat as a win-back success and nurture to prevent repeat dormancy.,9
